{"cameraMode":{"drawMode":0,"name":"Shaded","section":"Shading Mode"},"sceneLighting":true,"audioPlay":false,"sceneViewState":{"showFog":true,"showMaterialUpdate":false,"showSkybox":true,"showFlares":true,"showImageEffects":true,"showParticleSystems":true},"in2DMode":false,"pivot":{"x":-0.957105278968811,"y":-8.61352252960205,"z":5.7053985595703129},"rotation":{"x":-0.31989559531211855,"y":0.031823787838220599,"z":-0.010751682333648205,"w":-0.9468573331832886},"size":10.0,"orthographic":false}