{"cameraMode":{"drawMode":0,"name":"Shaded","section":"Shading Mode"},"sceneLighting":true,"audioPlay":false,"sceneViewState":{"showFog":true,"showMaterialUpdate":false,"showSkybox":true,"showFlares":true,"showImageEffects":true,"showParticleSystems":true},"in2DMode":false,"pivot":{"x":39.82170104980469,"y":520.988037109375,"z":-508.35845947265627},"rotation":{"x":0.0026868495624512436,"y":-0.042889248579740527,"z":-0.0001249431079486385,"w":-0.9990906715393066},"size":0.8660253882408142,"orthographic":false}