{"cameraMode":{"drawMode":0,"name":"Shaded","section":"Shading Mode"},"sceneLighting":false,"audioPlay":false,"sceneViewState":{"showFog":true,"showMaterialUpdate":false,"showSkybox":true,"showFlares":true,"showImageEffects":true,"showParticleSystems":true},"in2DMode":false,"pivot":{"x":-111.15990447998047,"y":149.78775024414063,"z":-650.4360961914063},"rotation":{"x":-0.1113600879907608,"y":0.20761679112911225,"z":0.023353932425379754,"w":0.9718713760375977},"size":7.071067810058594,"orthographic":false}