{"cameraMode":{"drawMode":0,"name":"Shaded","section":"Shading Mode"},"sceneLighting":false,"audioPlay":false,"sceneViewState":{"showFog":true,"showMaterialUpdate":false,"showSkybox":true,"showFlares":true,"showImageEffects":true,"showParticleSystems":true},"in2DMode":false,"pivot":{"x":-8.187996864318848,"y":7.644384384155273,"z":31.353147506713868},"rotation":{"x":0.13534626364707948,"y":0.7941281199455261,"z":-0.19191108644008637,"w":0.560884952545166},"size":0.6123724579811096,"orthographic":false}