{"cameraMode":{"drawMode":0,"name":"Shaded","section":"Shading Mode"},"sceneLighting":false,"audioPlay":false,"sceneViewState":{"showFog":true,"showMaterialUpdate":false,"showSkybox":true,"showFlares":true,"showImageEffects":true,"showParticleSystems":true},"in2DMode":false,"pivot":{"x":131.5626220703125,"y":729.4738159179688,"z":-650.270263671875},"rotation":{"x":0.25095367431640627,"y":0.0357767753303051,"z":-0.009197168052196503,"w":0.967409074306488},"size":81.39410400390625,"orthographic":false}