{"cameraMode":{"drawMode":0,"name":"Shaded","section":"Shading Mode"},"sceneLighting":false,"audioPlay":false,"sceneViewState":{"showFog":true,"showMaterialUpdate":false,"showSkybox":true,"showFlares":true,"showImageEffects":true,"showParticleSystems":true},"in2DMode":false,"pivot":{"x":-24.064607620239259,"y":504.34051513671877,"z":-605.1552124023438},"rotation":{"x":0.0018164280336350203,"y":0.22260108590126038,"z":-0.00017948265303857625,"w":0.9750303626060486},"size":0.8660253882408142,"orthographic":false}