{"cameraMode":{"drawMode":0,"name":"Shaded","section":"Shading Mode"},"sceneLighting":false,"audioPlay":false,"sceneViewState":{"showFog":true,"showMaterialUpdate":false,"showSkybox":true,"showFlares":true,"showImageEffects":true,"showParticleSystems":true},"in2DMode":false,"pivot":{"x":306.3963317871094,"y":383.7539367675781,"z":-610.7564086914063},"rotation":{"x":-0.07435912638902664,"y":-0.15980291366577149,"z":0.011572739109396935,"w":-0.9844624996185303},"size":179.09115600585938,"orthographic":false}