{"cameraMode":{"drawMode":0,"name":"Shaded","section":"Shading Mode"},"sceneLighting":false,"audioPlay":false,"sceneViewState":{"showFog":true,"showMaterialUpdate":false,"showSkybox":false,"showFlares":true,"showImageEffects":true,"showParticleSystems":true},"in2DMode":false,"pivot":{"x":-0.9127404689788818,"y":15.813178062438965,"z":-4.345916748046875},"rotation":{"x":0.5344393849372864,"y":0.2987784147262573,"z":-0.20944420993328095,"w":0.7623936533927918},"size":5.545439720153809,"orthographic":false}