{"cameraMode":{"drawMode":0,"name":"Shaded","section":"Shading Mode"},"sceneLighting":false,"audioPlay":false,"sceneViewState":{"showFog":true,"showMaterialUpdate":false,"showSkybox":true,"showFlares":true,"showImageEffects":true,"showParticleSystems":true},"in2DMode":false,"pivot":{"x":106.57416534423828,"y":551.2028198242188,"z":-75.79764556884766},"rotation":{"x":0.007487482391297817,"y":-0.09719382971525192,"z":-0.0004630022740457207,"w":-0.9955255389213562},"size":81.39410400390625,"orthographic":false}