{"cameraMode":{"drawMode":0,"name":"Shaded","section":"Shading Mode"},"sceneLighting":true,"audioPlay":false,"sceneViewState":{"showFog":true,"showMaterialUpdate":false,"showSkybox":true,"showFlares":true,"showImageEffects":true,"showParticleSystems":true},"in2DMode":false,"pivot":{"x":-4.335940837860107,"y":9.099776268005371,"z":-16.415058135986329},"rotation":{"x":-0.22337865829467774,"y":0.026018433272838594,"z":-0.0062576234340667728,"w":-0.9746241569519043},"size":0.4330126941204071,"orthographic":false}