{"cameraMode":{"drawMode":0,"name":"Shaded","section":"Shading Mode"},"sceneLighting":false,"audioPlay":false,"sceneViewState":{"showFog":true,"showMaterialUpdate":false,"showSkybox":true,"showFlares":true,"showImageEffects":true,"showParticleSystems":true},"in2DMode":false,"pivot":{"x":493.37115478515627,"y":593.1317749023438,"z":-568.4743041992188},"rotation":{"x":0.1878894418478012,"y":0.005353784654289484,"z":-0.0009699600632302463,"w":0.9822471141815186},"size":105.99630737304688,"orthographic":false}