{"cameraMode":{"drawMode":0,"name":"Shaded","section":"Shading Mode"},"sceneLighting":false,"audioPlay":false,"sceneViewState":{"showFog":true,"showMaterialUpdate":false,"showSkybox":true,"showFlares":true,"showImageEffects":true,"showParticleSystems":true},"in2DMode":false,"pivot":{"x":635.7889404296875,"y":397.6894226074219,"z":-569.98681640625},"rotation":{"x":-0.08709847182035446,"y":0.04739359766244888,"z":-0.00453568110242486,"w":-0.9952489733695984},"size":81.39410400390625,"orthographic":false}