{"cameraMode":{"drawMode":0,"name":"Shaded","section":"Shading Mode"},"sceneLighting":false,"audioPlay":false,"sceneViewState":{"showFog":true,"showMaterialUpdate":false,"showSkybox":true,"showFlares":true,"showImageEffects":true,"showParticleSystems":true},"in2DMode":false,"pivot":{"x":7.961110591888428,"y":10.753162384033204,"z":-4.894497394561768},"rotation":{"x":-0.4177449345588684,"y":-0.3998798131942749,"z":0.21227359771728517,"w":-0.7881678938865662},"size":5.245439529418945,"orthographic":false}