{"cameraMode":{"drawMode":0,"name":"Shaded","section":"Shading Mode"},"sceneLighting":false,"audioPlay":false,"sceneViewState":{"showFog":true,"showMaterialUpdate":false,"showSkybox":false,"showFlares":true,"showImageEffects":true,"showParticleSystems":true},"in2DMode":false,"pivot":{"x":-2.8156661987304689,"y":-1.3219735622406006,"z":0.5603410005569458},"rotation":{"x":0.132374107837677,"y":-0.666187047958374,"z":0.12184430658817291,"w":0.7237616181373596},"size":5.534210205078125,"orthographic":false}