{"cameraMode":{"drawMode":0,"name":"Shaded","section":"Shading Mode"},"sceneLighting":true,"audioPlay":false,"sceneViewState":{"showFog":true,"showMaterialUpdate":false,"showSkybox":true,"showFlares":true,"showImageEffects":true,"showParticleSystems":true},"in2DMode":false,"pivot":{"x":40.77128601074219,"y":14.434632301330567,"z":45.545005798339847},"rotation":{"x":0.015512117184698582,"y":-0.9603620171546936,"z":0.2751176953315735,"w":0.0538632795214653},"size":0.033974647521972659,"orthographic":false}