{"cameraMode":{"drawMode":0,"name":"Shaded","section":"Shading Mode"},"sceneLighting":false,"audioPlay":false,"sceneViewState":{"showFog":true,"showMaterialUpdate":false,"showSkybox":true,"showFlares":true,"showImageEffects":true,"showParticleSystems":true},"in2DMode":false,"pivot":{"x":242.85183715820313,"y":523.2064819335938,"z":-679.4144287109375},"rotation":{"x":0.061774659901857379,"y":0.008986116386950016,"z":-0.0004410182300489396,"w":0.9980968236923218},"size":0.8660253882408142,"orthographic":false}