{"cameraMode":{"drawMode":0,"name":"Shaded","section":"Shading Mode"},"sceneLighting":false,"audioPlay":false,"sceneViewState":{"showFog":true,"showMaterialUpdate":false,"showSkybox":false,"showFlares":true,"showImageEffects":true,"showParticleSystems":true},"in2DMode":false,"pivot":{"x":0.49325263500213625,"y":6.219987869262695,"z":-3.2608730792999269},"rotation":{"x":0.6692692041397095,"y":-0.037837542593479159,"z":0.034162357449531558,"w":0.7412691712379456},"size":11.7196044921875,"orthographic":true}