{"cameraMode":{"drawMode":0,"name":"Shaded","section":"Shading Mode"},"sceneLighting":false,"audioPlay":false,"sceneViewState":{"showFog":true,"showMaterialUpdate":false,"showSkybox":true,"showFlares":true,"showImageEffects":true,"showParticleSystems":true},"in2DMode":false,"pivot":{"x":213.7679443359375,"y":210.38934326171876,"z":-572.4630737304688},"rotation":{"x":-0.16075463593006135,"y":-0.05327486991882324,"z":-0.008694733493030072,"w":0.9855477213859558},"size":0.8660253882408142,"orthographic":false}