{"cameraMode":{"drawMode":0,"name":"Shaded","section":"Shading Mode"},"sceneLighting":false,"audioPlay":false,"sceneViewState":{"showFog":true,"showMaterialUpdate":false,"showSkybox":true,"showFlares":true,"showImageEffects":true,"showParticleSystems":true},"in2DMode":false,"pivot":{"x":1.586275577545166,"y":7.577203273773193,"z":-30.963863372802736},"rotation":{"x":0.0699753537774086,"y":0.15002214908599854,"z":-0.010504933074116707,"w":0.9862632155418396},"size":0.8660253882408142,"orthographic":false}