{"cameraMode":{"drawMode":0,"name":"Shaded","section":"Shading Mode"},"sceneLighting":false,"audioPlay":false,"sceneViewState":{"showFog":true,"showMaterialUpdate":false,"showSkybox":true,"showFlares":true,"showImageEffects":true,"showParticleSystems":true},"in2DMode":false,"pivot":{"x":-23.14968490600586,"y":42.228118896484378,"z":-23.732162475585939},"rotation":{"x":0.21792925894260407,"y":0.7071198225021362,"z":-0.24594718217849732,"w":0.626174807548523},"size":7.071067810058594,"orthographic":false}