{"cameraMode":{"drawMode":0,"name":"Shaded","section":"Shading Mode"},"sceneLighting":false,"audioPlay":false,"sceneViewState":{"showFog":true,"showMaterialUpdate":false,"showSkybox":true,"showFlares":true,"showImageEffects":true,"showParticleSystems":true},"in2DMode":false,"pivot":{"x":131.8829803466797,"y":300.83807373046877,"z":-597.7854614257813},"rotation":{"x":-0.007185827940702438,"y":0.011471706442534924,"z":0.00038092202157713473,"w":1.000044584274292},"size":0.8660253882408142,"orthographic":false}