{"cameraMode":{"drawMode":0,"name":"Shaded","section":"Shading Mode"},"sceneLighting":false,"audioPlay":false,"sceneViewState":{"showFog":true,"showMaterialUpdate":false,"showSkybox":true,"showFlares":true,"showImageEffects":true,"showParticleSystems":true},"in2DMode":false,"pivot":{"x":-1.5326762199401856,"y":12.54677677154541,"z":-4.242034435272217},"rotation":{"x":-0.47164300084114077,"y":-0.05419352650642395,"z":0.029354065656661989,"w":-0.8800200819969177},"size":5.245439529418945,"orthographic":false}