{"cameraMode":{"drawMode":0,"name":"Shaded","section":"Shading Mode"},"sceneLighting":false,"audioPlay":false,"sceneViewState":{"showFog":true,"showMaterialUpdate":false,"showSkybox":false,"showFlares":true,"showImageEffects":true,"showParticleSystems":true},"in2DMode":false,"pivot":{"x":6.804182052612305,"y":0.5,"z":2.532665252685547},"rotation":{"x":0.23818908631801606,"y":0.7247840166091919,"z":-0.30200910568237307,"w":0.5716225504875183},"size":0.8660253882408142,"orthographic":false}