{"cameraMode":{"drawMode":0,"name":"Shaded","section":"Shading Mode"},"sceneLighting":false,"audioPlay":false,"sceneViewState":{"showFog":true,"showMaterialUpdate":false,"showSkybox":false,"showFlares":true,"showImageEffects":true,"showParticleSystems":true},"in2DMode":false,"pivot":{"x":0.5739288330078125,"y":2.4609375,"z":-0.779296875},"rotation":{"x":0.5957604646682739,"y":0.01806711219251156,"z":-0.013406830839812756,"w":0.802850067615509},"size":8.611898422241211,"orthographic":true}